{"version": "3.0.3", "architecture": "pynini", "train_date": "2024-05-13 05:25:28.016745", "phones": ["a\u026a", "a\u028a", "b", "b\u031a", "d", "d\u0292", "d\u031a", "e\u026a", "f", "h", "i", "j", "k", "k\u031a", "l", "m", "n", "o\u028a", "p", "p\u031a", "s", "t", "t\u0283", "t\u031a", "u", "v", "w", "z", "\u00e6", "\u00f0", "\u014b", "\u0251", "\u0254", "\u0254\u026a", "\u0259", "\u0259\u0325", "\u025a", "\u025b", "\u025d", "\u0261", "\u0268", "\u026a", "\u0279", "\u027e", "\u027e\u0303", "\u0283", "\u0289", "\u028a", "\u028c", "\u0292", "\u0294", "\u03b8"], "graphemes": ["g", "c", "i", "s", "e", "y", "k", "d", "x", "h", "o", "u", "f", "z", "q", "l", "p", "v", "j", "b", "n", "w", "t", "a", "m", "r"], "evaluation": {}, "training": {"num_words": 36392, "num_graphemes": 26, "num_phones": 52}}